t,x,x_dot,theta,theta_dot,u,disturbance,mode,controller,scenario,suite,seed
0.0,0.05,0.0,0.13962634015954656,0.0,0.0,0.0,initial,Sliding Mode Control (SMC),local_small_angle,nominal,10
0.01,0.05000507559655792,0.0010145593989103398,0.13977284740239204,0.029295307047195823,-0.16833881504205228,0.0,energy_pump,Sliding Mode Control (SMC),local_small_angle,nominal,10
0.02,0.05002061491148669,0.002093613200554058,0.14021288134406085,0.058716510724441846,-0.1617891954231236,0.0,energy_pump,Sliding Mode Control (SMC),local_small_angle,nominal,10
0.03,0.0500472650948756,0.0032376030202339217,0.14094798892105143,0.08832123272271676,-0.15571883984183738,0.0,energy_pump,Sliding Mode Control (SMC),local_small_angle,nominal,10
0.04,0.05008566256263939,0.0044439410547400405,0.14198026426130417,0.11816130906708286,-0.1504322665195199,0.0,energy_pump,Sliding Mode Control (SMC),local_small_angle,nominal,10
0.05,0.05013640711196382,0.005707891743717323,0.1433123000979042,0.14828464148750026,-0.14614585717651887,0.0,energy_pump,Sliding Mode Control (SMC),local_small_angle,nominal,10
0.060000000000000005,0.05020004561390542,0.007023605535665257,0.14494715914236744,0.17873733841551132,-0.14297242893687176,0.0,energy_pump,Sliding Mode Control (SMC),local_small_angle,nominal,10
0.06999999999999999,0.05027706568460996,0.008385080867054967,0.14688836610867728,0.20956570481034317,-0.1409282741890179,0.0,energy_pump,Sliding Mode Control (SMC),local_small_angle,nominal,10
0.08,0.050367897858983275,0.009786902705369247,0.14913991739207466,0.24081778399311396,-0.13995543354452697,0.0,energy_pump,Sliding Mode Control (SMC),local_small_angle,nominal,10
0.09,0.050472923759043456,0.011224702969304388,0.15170630339965996,0.27254434676593625,-0.1399494768536167,0.0,energy_pump,Sliding Mode Control (SMC),local_small_angle,nominal,10
0.09999999999999999,0.05059248759022206,0.012695365710095462,0.15459253824804087,0.3047993760874257,-0.14078500367312838,0.0,energy_pump,Sliding Mode Control (SMC),local_small_angle,nominal,10
0.11,0.05072690872881177,0.014197040151710602,0.1578041924192779,0.3376401742252691,-0.1423348171746419,0.0,energy_pump,Sliding Mode Control (SMC),local_small_angle,nominal,10
0.12,0.050876493832329506,0.015729032206996296,0.16134742530479596,0.37112723318080465,-0.14448200427917074,0.0,energy_pump,Sliding Mode Control (SMC),local_small_angle,nominal,10
0.13,0.051041547553949185,0.017291633732709658,0.1652290158580474,0.4053239858645854,-0.14712604962293988,0.0,energy_pump,Sliding Mode Control (SMC),local_small_angle,nominal,10
0.14,0.05122238144638562,0.018885931109387917,0.1694563905733677,0.4402965199243447,-0.1501847476342467,0.0,energy_pump,Sliding Mode Control (SMC),local_small_angle,nominal,10
0.15000000000000002,0.0506814461372214,-0.1270407267824651,0.1725840860817618,0.18551787872142317,-15.0,0.0,balance,Sliding Mode Control (SMC),local_small_angle,nominal,10
0.16,0.04868205682739629,-0.2728204172003611,0.17317091123192485,-0.06801151726248089,-15.0,0.0,balance,Sliding Mode Control (SMC),local_small_angle,nominal,10
0.17,0.04532065712268922,-0.39945829580082093,0.17141329603472766,-0.283506575744645,-13.079694258354955,0.0,balance,Sliding Mode Control (SMC),local_small_angle,nominal,10
0.18000000000000002,0.04089658659080928,-0.48536521697381885,0.16790128719307473,-0.4189987439817201,-8.980129230500406,0.0,balance,Sliding Mode Control (SMC),local_small_angle,nominal,10
0.19,0.03571682541349931,-0.5506016238293941,0.1632351114784547,-0.5144006457424375,-6.894169098703675,0.0,balance,Sliding Mode Control (SMC),local_small_angle,nominal,10
0.2,0.02996344918669636,-0.6000911709950343,0.15776589206300518,-0.5796471264160912,-5.301394623380434,0.0,balance,Sliding Mode Control (SMC),local_small_angle,nominal,10
0.21000000000000002,0.023775554793189796,-0.6375069031680063,0.15175814317534897,-0.6221321101300565,-4.076928794289268,0.0,balance,Sliding Mode Control (SMC),local_small_angle,nominal,10
0.22,0.01725986351728784,-0.6656514343814003,0.1454112989575571,-0.6474821130951628,-3.1337050330019696,0.0,balance,Sliding Mode Control (SMC),local_small_angle,nominal,10
0.23,0.01049835461344538,-0.6866708592156028,0.13887519618678734,-0.6599929857919847,-2.4059545080509936,0.0,balance,Sliding Mode Control (SMC),local_small_angle,nominal,10
0.24000000000000002,0.003554449622299601,-0.7021307917318058,0.13226258091701704,-0.6627889589238213,-1.835465691158435,0.0,balance,Sliding Mode Control (SMC),local_small_angle,nominal,10
0.25,-0.0035192828036955393,-0.7126362640239033,0.12566456348209432,-0.657074210511315,-1.3258769247626856,0.0,balance,Sliding Mode Control (SMC),local_small_angle,nominal,10
0.26,-0.01067863722970231,-0.7192549475100992,0.119155700401258,-0.6449558375917405,-0.9236630137727587,0.0,balance,Sliding Mode Control (SMC),local_small_angle,nominal,10
0.27,-0.01788882337390311,-0.7228022408609219,0.1127920370376736,-0.6280297358640315,-0.6035318340710863,0.0,balance,Sliding Mode Control (SMC),local_small_angle,nominal,10
0.28,-0.02512227558398852,-0.7239076965965956,0.10661554805341833,-0.6075147045782948,-0.3468601549307504,0.0,balance,Sliding Mode Control (SMC),local_small_angle,nominal,10
0.29000000000000004,-0.03235703389467409,-0.7230629173330329,0.10065742342776707,-0.5843492959316857,-0.13983297039949316,0.0,balance,Sliding Mode Control (SMC),local_small_angle,nominal,10
0.3,-0.03957555832513003,-0.720660310948426,0.09494047856362098,-0.5592701898722638,0.027476039568410382,0.0,balance,Sliding Mode Control (SMC),local_small_angle,nominal,10
0.31,-0.04676387715839782,-0.7170211336541109,0.08948088836793566,-0.5328690547934475,0.1621810873566698,0.0,balance,Sliding Mode Control (SMC),local_small_angle,nominal,10
0.32,-0.05391097321075086,-0.7124150459118535,0.08428943803987465,-0.5056323659700532,0.2694369555437146,0.0,balance,Sliding Mode Control (SMC),local_small_angle,nominal,10
0.33,-0.061008333507585194,-0.7070732383759845,0.0793724403336471,-0.47796830614879293,0.3530847491923721,0.0,balance,Sliding Mode Control (SMC),local_small_angle,nominal,10
0.34,-0.06804960670149018,-0.7011968546831309,0.07473243115517514,-0.4502242073928161,0.4161240551263745,0.0,balance,Sliding Mode Control (SMC),local_small_angle,nominal,10
0.35000000000000003,-0.07503032817024546,-0.6949621047775961,0.07036872411135775,-0.4226973245051153,0.4610450807237809,0.0,balance,Sliding Mode Control (SMC),local_small_angle,nominal,10
0.36000000000000004,-0.08194768522794005,-0.6885231742243746,0.06627787962464415,-0.39564115190448435,0.4900497854636021,0.0,balance,Sliding Mode Control (SMC),local_small_angle,nominal,10
0.37,-0.0888003047278031,-0.6820137931712216,0.06245412453689392,-0.36926901058704387,0.5051863118210793,0.0,balance,Sliding Mode Control (SMC),local_small_angle,nominal,10
0.38,-0.09558805293644153,-0.6755481215495814,0.058889742939726375,-0.34375621650345217,0.5084175058993949,0.0,balance,Sliding Mode Control (SMC),local_small_angle,nominal,10
0.39,-0.10231184321107084,-0.6692214243315278,0.05557544768780298,-0.3192417756631869,0.5016418611700559,0.0,balance,Sliding Mode Control (SMC),local_small_angle,nominal,10
0.4,-0.10897345093538252,-0.6631108478630491,0.052500734226874624,-0.29583022596147734,0.48668320700402257,0.0,balance,Sliding Mode Control (SMC),local_small_angle,nominal,10
0.41000000000000003,-0.11557533757271984,-0.657276466880718,0.049654213579221285,-0.2735939638512425,0.46526331944280175,0.0,balance,Sliding Mode Control (SMC),local_small_angle,nominal,10
0.42000000000000004,-0.12212048681306958,-0.6517626561867383,0.0470239190978714,-0.2525761641591034,0.438969051691275,0.0,balance,Sliding Mode Control (SMC),local_small_angle,nominal,10
0.43,-0.1286122559017011,-0.646599755279308,0.04459758136678449,-0.23279423166558405,0.4092225855028717,0.0,balance,Sliding Mode Control (SMC),local_small_angle,nominal,10
0.44,-0.13505424464928956,-0.6418059400422464,0.0423628667716196,-0.21424361633773525,0.37726025423775855,0.0,balance,Sliding Mode Control (SMC),local_small_angle,nominal,10
0.45,-0.1414501836403445,-0.6373891907806466,0.04030757718764688,-0.1969017758785102,0.34412244716462936,0.0,balance,Sliding Mode Control (SMC),local_small_angle,nominal,10
0.46,-0.1478038420457315,-0.6333492450989469,0.038419810397062104,-0.18073206869295783,0.3106546966088395,0.0,balance,Sliding Mode Control (SMC),local_small_angle,nominal,10
0.47000000000000003,-0.15411895440994838,-0.6296794400882965,0.03668808285396574,-0.16568739286618536,0.27751836714973077,0.0,balance,Sliding Mode Control (SMC),local_small_angle,nominal,10
0.48000000000000004,-0.1603991649542808,-0.6263683734375931,0.03510141800686073,-0.15171343714153707,0.2452084418433671,0.0,balance,Sliding Mode Control (SMC),local_small_angle,nominal,10
0.49,-0.16664798737192993,-0.6234013408379088,0.03364940445215181,-0.13875146510534966,0.21407563368389315,0.0,balance,Sliding Mode Control (SMC),local_small_angle,nominal,10
0.5,-0.1728687777928603,-0.6207615326344788,0.03232222872689006,-0.12674060436700477,0.18435026269894284,0.0,balance,Sliding Mode Control (SMC),local_small_angle,nominal,10
0.51,-0.17906471852876227,-0.6184309932967117,0.03111068762865532,-0.11561965298311362,0.15616583231503434,0.0,balance,Sliding Mode Control (SMC),local_small_angle,nominal,10
0.52,-0.18523881031716463,-0.6163913618618084,0.030006184686382387,-0.10532844368722133,0.12958083950665333,0.0,balance,Sliding Mode Control (SMC),local_small_angle,nominal,10
0.53,-0.1913938710090436,-0.6146244202579246,0.02900071491714895,-0.09580882312651536,0.10459793565970266,0.0,balance,Sliding Mode Control (SMC),local_small_angle,nominal,10
0.54,-0.19753253893259917,-0.6131124802669913,0.028086841397494844,-0.0870053102114286,0.08118004455585215,0.0,balance,Sliding Mode Control (SMC),local_small_angle,nominal,10
0.55,-0.2036572794744676,-0.6118386400880378,0.027257666538446745,-0.07886549737510856,0.059263409729847005,0.0,balance,Sliding Mode Control (SMC),local_small_angle,nominal,10
0.56,-0.20977039371816708,-0.6107869392481416,0.02650680034070607,-0.07134025351314731,0.038767785782575004,0.0,balance,Sliding Mode Control (SMC),local_small_angle,nominal,10
0.5700000000000001,-0.21587402824918944,-0.6099424370388978,0.025828327356993253,-0.06438377975064301,0.019604124847596438,0.0,balance,Sliding Mode Control (SMC),local_small_angle,nominal,10
0.5800000000000001,-0.22197018546733152,-0.609291235538921,0.02521677362024688,-0.057953560571471815,0.0016801653152827,0.0,balance,Sliding Mode Control (SMC),local_small_angle,nominal,10
0.59,-0.22806073393689918,-0.6088204641713217,0.02466707441364635,-0.05201024433893077,-0.015095669640275311,0.0,balance,Sliding Mode Control (SMC),local_small_angle,nominal,10
0.6,-0.23414741845605339,-0.6085182389760888,0.024174543456916275,-0.046517479496098406,-0.030811689544966825,0.0,balance,Sliding Mode Control (SMC),local_small_angle,nominal,10
0.61,-0.2402318696420804,-0.6083736065211945,0.02373484385380653,-0.04144172608366073,-0.04555134647042092,0.0,balance,Sliding Mode Control (SMC),local_small_angle,nominal,10
0.62,-0.24631561291515866,-0.6083764796875222,0.02334396097663527,-0.03675205674729351,-0.05939236972667761,0.0,balance,Sliding Mode Control (SMC),local_small_angle,nominal,10
0.63,-0.2524000768248425,-0.6085175704229548,0.02299817734374754,-0.03241995707675416,-0.07240641231333633,0.0,balance,Sliding Mode Control (SMC),local_small_angle,nominal,10
0.64,-0.25848660070618845,-0.6087883229117073,0.022694049463952037,-0.028419131797344642,-0.0846590447347797,0.0,balance,Sliding Mode Control (SMC),local_small_angle,nominal,10
0.65,-0.26457644168073546,-0.609180849370459,0.02242838656917634,-0.02472532086165547,-0.09620997300070044,0.0,balance,Sliding Mode Control (SMC),local_small_angle,nominal,10
0.66,-0.27067078103517417,-0.6096878697847113,0.02219823112504038,-0.02131612770240418,-0.10711339108843809,0.0,balance,Sliding Mode Control (SMC),local_small_angle,nominal,10
0.67,-0.276770730020502,-0.6103026562643712,0.022000840992716153,-0.01817086065565733,-0.11741840439142592,0.0,balance,Sliding Mode Control (SMC),local_small_angle,nominal,10
0.68,-0.282877335119082,-0.6110189822640143,0.021833673109564966,-0.015270387718594805,-0.12716948068442768,0.0,balance,Sliding Mode Control (SMC),local_small_angle,nominal,10
0.6900000000000001,-0.288991582828055,-0.6118310766286785,0.021694368557140464,-0.012597004260968174,-0.13640689998310762,0.0,balance,Sliding Mode Control (SMC),local_small_angle,nominal,10
0.7000000000000001,-0.295114404006279,-0.6127335822491898,0.021580738890591977,-0.010134312980452278,-0.14516718542524565,0.0,balance,Sliding Mode Control (SMC),local_small_angle,nominal,10
0.7100000000000001,-0.30124667782930425,-0.6137215190100842,0.02149075361148789,-0.007867115214422824,-0.15348350488206286,0.0,balance,Sliding Mode Control (SMC),local_small_angle,nominal,10
0.72,-0.3073892353934793,-0.6147902506642666,0.021422528675331343,-0.005781312645855156,-0.16138603821026543,0.0,balance,Sliding Mode Control (SMC),local_small_angle,nominal,10
0.73,-0.3135428630065522,-0.6159354552541012,0.021374315934695964,-0.003863818433577417,-0.1689023085101713,0.0,balance,Sliding Mode Control (SMC),local_small_angle,nominal,10
0.74,-0.3197083051983654,-0.6171530987060525,0.02134449342843192,-0.002102476831648846,-0.17605747795349203,0.0,balance,Sliding Mode Control (SMC),local_small_angle,nominal,10
0.75,-0.3258862674816162,-0.6184394112464721,0.021331556436450683,-0.00048599042148806944,-0.18287461006225314,0.0,balance,Sliding Mode Control (SMC),local_small_angle,nominal,10
0.76,-0.3320774188892686,-0.6197908663136084,0.021334109228002607,0.0009961458484858893,-0.18937490103494525,0.0,balance,Sliding Mode Control (SMC),local_small_angle,nominal,10
0.77,-0.3382829005992425,-0.621305412280638,0.02134984560428821,0.002151385625038434,-0.20570624110028923,0.0,balance,Sliding Mode Control (SMC),local_small_angle,nominal,10
0.78,-0.34450423938561403,-0.6229622342873345,0.021375719845652785,0.003024239273373994,-0.21998784891719758,0.0,balance,Sliding Mode Control (SMC),local_small_angle,nominal,10
0.79,-0.35074254737022736,-0.624699218069957,0.021409540755938483,0.0037410991022121653,-0.22808160342614947,0.0,balance,Sliding Mode Control (SMC),local_small_angle,nominal,10
0.8,-0.3569984720415778,-0.6264855449779303,0.021450065273063146,0.004365264157596709,-0.2331112605136756,0.0,balance,Sliding Mode Control (SMC),local_small_angle,nominal,10
0.81,-0.36327243020490085,-0.6283058938929852,0.02149652678727554,0.004928758108441549,-0.2366233801890285,0.0,balance,Sliding Mode Control (SMC),local_small_angle,nominal,10
0.8200000000000001,-0.3695647237962561,-0.6301526105322869,0.021548401330324207,0.00544810182535739,-0.2393827603472456,0.0,balance,Sliding Mode Control (SMC),local_small_angle,nominal,10
0.8300000000000001,-0.3758755971560677,-0.6320218292544371,0.021605291651032754,0.005932126157065623,-0.24176704018235995,0.0,balance,Sliding Mode Control (SMC),local_small_angle,nominal,10
0.8400000000000001,-0.3822052653226685,-0.6339115548664546,0.021666869662812616,0.006385837542871519,-0.2439623796656356,0.0,balance,Sliding Mode Control (SMC),local_small_angle,nominal,10
0.85,-0.38855392799918936,-0.6358207152939405,0.02173284776139095,0.006812328423151247,-0.24606038688014564,0.0,balance,Sliding Mode Control (SMC),local_small_angle,nominal,10
0.86,-0.3949217764486531,-0.6377486944568931,0.021802964406161696,0.007213720532801169,-0.24810605957230436,0.0,balance,Sliding Mode Control (SMC),local_small_angle,nominal,10
0.87,-0.401308996903731,-0.6396951022795284,0.021876976743908205,0.007591630565625263,-0.2501214590526981,0.0,balance,Sliding Mode Control (SMC),local_small_angle,nominal,10
0.88,-0.4077157722612323,-0.6416596616039673,0.021954656710390985,0.00794740032098883,-0.25211738058714417,0.0,balance,Sliding Mode Control (SMC),local_small_angle,nominal,10
0.89,-0.4141422829334597,-0.6436421526382833,0.02203578885299118,0.008282210886707797,-0.25409909646109163,0.0,balance,Sliding Mode Control (SMC),local_small_angle,nominal,10
0.9,-0.4205887072854158,-0.6456423856730178,0.022120169009745894,0.008597139792826336,-0.25606917720774014,0.0,balance,Sliding Mode Control (SMC),local_small_angle,nominal,10
0.91,-0.4270552218685246,-0.6476601876648972,0.022207603419645228,0.008893190138852402,-0.2580288750657562,0.0,balance,Sliding Mode Control (SMC),local_small_angle,nominal,10
0.92,-0.43354200155416217,-0.6496953956134804,0.022297908055238125,0.009171305943336917,-0.25997880118711514,0.0,balance,Sliding Mode Control (SMC),local_small_angle,nominal,10
0.93,-0.44004921961757626,-0.6517478532616382,0.02239090807475641,0.00943238070534611,-0.26191925653372117,0.0,balance,Sliding Mode Control (SMC),local_small_angle,nominal,10
0.9400000000000001,-0.4465770477969405,-0.6538174094215287,0.022486437343010035,0.009677262601770452,-0.2638503932548044,0.0,balance,Sliding Mode Control (SMC),local_small_angle,nominal,10
0.9500000000000001,-0.4531256563396462,-0.6559039170959371,0.022584337995804393,0.00990675799614301,-0.26577229322517226,0.0,balance,Sliding Mode Control (SMC),local_small_angle,nominal,10
0.9600000000000001,-0.4596952140417588,-0.6580072329897982,0.02268446003508995,0.010121634078842586,-0.2676850061704865,0.0,balance,Sliding Mode Control (SMC),local_small_angle,nominal,10
0.97,-0.46628588828355366,-0.6601272172143361,0.022786660948178827,0.010322621040364558,-0.26958856810613874,0.0,balance,Sliding Mode Control (SMC),local_small_angle,nominal,10
0.98,-0.4728978450625752,-0.662263733087556,0.022890805347338006,0.010510413975204067,-0.27148301020225674,0.0,balance,Sliding Mode Control (SMC),local_small_angle,nominal,10
0.99,-0.47953124902494815,-0.6644166469841368,0.022996764627563948,0.01068567461444237,-0.273368362996246,0.0,balance,Sliding Mode Control (SMC),local_small_angle,nominal,10
1.0,-0.48618626349532046,-0.6665858282117767,0.02310441664106966,0.01084903293662066,-0.2752446583484254,0.0,balance,Sliding Mode Control (SMC),local_small_angle,nominal,10
1.01,-0.49286305050564566,-0.6687711489026977,0.023213645387398785,0.011001088682873566,-0.27711193030205905,0.0,balance,Sliding Mode Control (SMC),local_small_angle,nominal,10
1.02,-0.49956177082292824,-0.6709724839146831,0.023324340718281267,0.011142412790723078,-0.278970215412496,0.0,balance,Sliding Mode Control (SMC),local_small_angle,nominal,10
1.03,-0.5062825839760129,-0.6731897107387701,0.023436398056460916,0.011273548755253346,-0.28081955281838056,0.0,balance,Sliding Mode Control (SMC),local_small_angle,nominal,10
1.04,-0.5130256482814766,-0.6754227094120715,0.023549718127799046,0.011395013923530843,-0.2826599841882693,0.0,balance,Sliding Mode Control (SMC),local_small_angle,nominal,10
1.05,-0.5197911208686701,-0.677671362434857,0.023664206706005775,0.011507300726675973,-0.28449155360709355,0.0,balance,Sliding Mode Control (SMC),local_small_angle,nominal,10
1.06,-0.5265791577039498,-0.6799355546913525,0.023779774369399043,0.011610877853207583,-0.2863143074338357,0.0,balance,Sliding Mode Control (SMC),local_small_angle,nominal,10
1.07,-0.5333899136141338,-0.6822151733738938,0.02389633626911447,0.01170619136680243,-0.2881282941471319,0.0,balance,Sliding Mode Control (SMC),local_small_angle,nominal,10
1.08,-0.5402235423092151,-0.6845101079101542,0.024013811908226934,0.011793665771335367,-0.2899335641856471,0.0,balance,Sliding Mode Control (SMC),local_small_angle,nominal,10
1.09,-0.5470801964043623,-0.6868202498932205,0.02413212493127137,0.011873705025837773,-0.2917301697881278,0.0,balance,Sliding Mode Control (SMC),local_small_angle,nominal,10
1.1,-0.5539600274412337,-0.6891454930143326,0.024251202923672555,0.011946693511838996,-0.2935181648355858,0.0,balance,Sliding Mode Control (SMC),local_small_angle,nominal,10
1.11,-0.5608631859086314,-0.6914857329981142,0.024370977220619316,0.012012996955419799,-0.29529760469648814,0.0,balance,Sliding Mode Control (SMC),local_small_angle,nominal,10
1.12,-0.5677898212625203,-0.6938408675401502,0.024491382724942667,0.012072963306171344,-0.2970685460761242,0.0,balance,Sliding Mode Control (SMC),local_small_angle,nominal,10
1.1300000000000001,-0.5747400819454337,-0.696210796246773,0.024612357733575507,0.012126923575135583,-0.2988310468707205,0.0,balance,Sliding Mode Control (SMC),local_small_angle,nominal,10
1.1400000000000001,-0.5817141154052868,-0.6985954205769392,0.02473384377219734,0.012175192633695778,-0.3005851660265666,0.0,balance,Sliding Mode Control (SMC),local_small_angle,nominal,10
1.1500000000000001,-0.5887120681136203,-0.7009946437860882,0.024855785437676747,0.012218069975272597,-0.30233096340503707,0.0,balance,Sliding Mode Control (SMC),local_small_angle,nominal,10
1.1600000000000001,-0.5957340855832904,-0.7034083708718754,0.024978130247955477,0.012255840441608996,-0.3040684996524501,0.0,balance,Sliding Mode Control (SMC),local_small_angle,nominal,10
1.17,-0.602780312385627,-0.7058365085216963,0.025100828499022843,0.01228877491530486,-0.3057978360765823,0.0,balance,Sliding Mode Control (SMC),local_small_angle,nominal,10
1.18,-0.6098508921670742,-0.7082789650619129,0.025223833128655393,0.012317130980206379,-0.30751903452840423,0.0,balance,Sliding Mode Control (SMC),local_small_angle,nominal,10
1.19,-0.6169459676653325,-0.7107356504087073,0.025347099586603417,0.012341153551152385,-0.309232157290257,0.0,balance,Sliding Mode Control (SMC),local_small_angle,nominal,10
1.2,-0.6240656807250164,-0.7132064760204903,0.02547058571093075,0.012361075474524053,-0.3109372669694217,0.0,balance,Sliding Mode Control (SMC),local_small_angle,nominal,10
1.21,-0.6312101723128448,-0.7156913548518029,0.025594251610217,0.012377118100952291,-0.312634426398148,0.0,balance,Sliding Mode Control (SMC),local_small_angle,nominal,10
1.22,-0.6383795825323764,-0.7181902013086494,0.025718059551353534,0.012389491831488785,-0.31432369853905584,0.0,balance,Sliding Mode Control (SMC),local_small_angle,nominal,10
1.23,-0.6455740506383064,-0.7207029312052041,0.025841973852675615,0.0123983966384734,-0.31600514639633204,0.0,balance,Sliding Mode Control (SMC),local_small_angle,nominal,10
1.24,-0.6527937150503367,-0.7232294617218488,0.025965960782178055,0.012404022562261878,-0.3176788329330602,0.0,balance,Sliding Mode Control (SMC),local_small_angle,nominal,10
1.25,-0.6600387133666324,-0.7257697113644823,0.026089988460586078,0.01240655018494684,-0.31934482099318195,0.0,balance,Sliding Mode Control (SMC),local_small_angle,nominal,10
1.26,-0.6673091823768789,-0.7283235999250706,0.02621402676904827,0.012406151082115735,-0.3210031732298084,0.0,balance,Sliding Mode Control (SMC),local_small_angle,nominal,10
1.27,-0.6746052580749486,-0.7308910484433837,0.026338047261245556,0.012402988253676002,-0.3226539520377436,0.0,balance,Sliding Mode Control (SMC),local_small_angle,nominal,10
1.28,-0.6819270756711934,-0.7334719791698917,0.026462023079705244,0.012397216534694713,-0.32429721949188206,0.0,balance,Sliding Mode Control (SMC),local_small_angle,nominal,10
1.29,-0.6892747696043691,-0.7360663155297777,0.026585928876126985,0.012388982987178498,-0.3259330372900173,0.0,balance,Sliding Mode Control (SMC),local_small_angle,nominal,10
1.3,-0.6966484735532074,-0.738673982088034,0.026709740735537668,0.012378427273669149,-0.3275614667002511,0.0,balance,Sliding Mode Control (SMC),local_small_angle,nominal,10
1.31,-0.7040483204476434,-0.7412949045156138,0.02683343610409139,0.01236568201347721,-0.3291825685134526,0.0,balance,Sliding Mode Control (SMC),local_small_angle,nominal,10
1.32,-0.7114744424797099,-0.7439290095566027,0.02695699372035021,0.01235087312235917,-0.3307964029993915,0.0,balance,Sliding Mode Control (SMC),local_small_angle,nominal,10
1.33,-0.7189269711141081,-0.7465762249963854,0.027080393549881343,0.012334120136387216,-0.33240302986739145,0.0,balance,Sliding Mode Control (SMC),local_small_angle,nominal,10
1.34,-0.7264060370984656,-0.7492364796307772,0.027203616723017188,0.01231553652073595,-0.3340025082307587,0.0,balance,Sliding Mode Control (SMC),local_small_angle,nominal,10
1.35,-0.7339117704732899,-0.7519097032360958,0.02732664547563024,0.012295229964071825,-0.3355948965750617,0.0,balance,Sliding Mode Control (SMC),local_small_angle,nominal,10
1.36,-0.7414443005816274,-0.7545958265401483,0.02744946309278351,0.012273302659203006,-0.33718025272988683,0.0,balance,Sliding Mode Control (SMC),local_small_angle,nominal,10
1.37,-0.7490037560784365,-0.7572947811941086,0.02757205385512007,0.012249851570613155,-0.33875863384409577,0.0,balance,Sliding Mode Control (SMC),local_small_angle,nominal,10
1.3800000000000001,-0.7565902649396845,-0.7600064997452621,0.02769440298786563,0.01222496868948007,-0.34033009636407563,0.0,balance,Sliding Mode Control (SMC),local_small_angle,nominal,10
1.3900000000000001,-0.7642002701536103,-0.7619941020051623,0.027823858710078753,0.01367081006354716,-0.26818465984557527,0.0,balance,Sliding Mode Control (SMC),local_small_angle,nominal,10
1.4000000000000001,-0.7718250045419228,-0.7629523576548813,0.027978174600637118,0.017197074164856937,-0.16548839870974774,0.0,balance,Sliding Mode Control (SMC),local_small_angle,nominal,10
1.4100000000000001,-0.7794558979019787,-0.7632258283767734,0.02817472173737201,0.022118109784113552,-0.0972681499995467,0.0,balance,Sliding Mode Control (SMC),local_small_angle,nominal,10
1.42,-0.7870873717135963,-0.7630683175799875,0.028424943403945413,0.027933696318606403,-0.05449245859038143,0.0,balance,Sliding Mode Control (SMC),local_small_angle,nominal,10
1.43,-0.7947160433164133,-0.7626652147718386,0.02873597901186553,0.03428305087137396,-0.030349855607124,0.0,balance,Sliding Mode Control (SMC),local_small_angle,nominal,10
1.44,-0.802340128575267,-0.762150850689384,0.029111879866885904,0.040909169298093954,-0.01975386171928406,0.0,balance,Sliding Mode Control (SMC),local_small_angle,nominal,10
1.45,-0.8099589977591659,-0.7616217863481851,0.029554510417539426,0.047631565525541174,-0.018939312007077547,0.0,balance,Sliding Mode Control (SMC),local_small_angle,nominal,10
1.46,-0.8175728481405587,-0.7611468691680153,0.030064210274707293,0.054325674151927725,-0.02514123911058519,0.0,balance,Sliding Mode Control (SMC),local_small_angle,nominal,10
1.47,-0.8251824645421462,-0.7607747671987091,0.030640276248941944,0.06090744209874217,-0.0363442853382665,0.0,balance,Sliding Mode Control (SMC),local_small_angle,nominal,10
1.48,-0.8327890455346556,-0.7605395657190553,0.031281310245331984,0.06732190149646614,-0.05109011123247775,0.0,balance,Sliding Mode Control (SMC),local_small_angle,nominal,10
1.49,-0.8403940782458258,-0.7604648933500994,0.031985468001388906,0.07353476022076386,-0.06833119675114929,0.0,balance,Sliding Mode Control (SMC),local_small_angle,nominal,10
1.5,-0.8479992489054816,-0.7605669435075779,0.0327506350709581,0.07952625673771724,-0.08732098657539211,0.0,balance,Sliding Mode Control (SMC),local_small_angle,nominal,10
1.51,-0.855606379489974,-0.7608566730776574,0.03357454979357044,0.08528669954487517,-0.10753204828366592,0.0,balance,Sliding Mode Control (SMC),local_small_angle,nominal,10
1.52,-0.8632173833106522,-0.7613413927338366,0.034454887888991426,0.09081325073033877,-0.12859554382600535,0.0,balance,Sliding Mode Control (SMC),local_small_angle,nominal,10
1.53,-0.8708342342700156,-0.7620259102907824,0.035389319459144364,0.09610762241307919,-0.15025674712075343,0.0,balance,Sliding Mode Control (SMC),local_small_angle,nominal,10
1.54,-0.8784589459182776,-0.7629133475302404,0.03637554628935691,0.10117443910781511,-0.17234253762051743,0.0,balance,Sliding Mode Control (SMC),local_small_angle,nominal,10
1.55,-0.8860935574912836,-0.7640057197153866,0.03741132519271684,0.10602008322524215,-0.194737767017795,0.0,balance,Sliding Mode Control (SMC),local_small_angle,nominal,10
1.56,-0.893740124885161,-0.7653043434722719,0.038494481555521265,0.110651889255284,-0.21736815924557007,0.0,balance,Sliding Mode Control (SMC),local_small_angle,nominal,10
1.57,-0.9014007150918866,-0.7668101211266909,0.03962291607806945,0.1150775882766263,-0.24018799486702846,0.0,balance,Sliding Mode Control (SMC),local_small_angle,nominal,10
1.58,-0.9090774030355728,-0.7685237365351933,0.040794606855497406,0.11930493119513569,-0.26317128221923625,0.0,balance,Sliding Mode Control (SMC),local_small_angle,nominal,10
1.59,-0.9167722700515378,-0.770445787827603,0.042007608326129375,0.12334143883023674,-0.28630545844604605,0.0,balance,Sliding Mode Control (SMC),local_small_angle,nominal,10
1.6,-0.9244874034691074,-0.7725768754221071,0.04326004816837914,0.12719424141901056,-0.309586918562319,0.0,balance,Sliding Mode Control (SMC),local_small_angle,nominal,10
1.61,-0.9322248969169423,-0.7749176585226437,0.04455012290573368,0.13086998065025304,-0.3330178600985523,0.0,balance,Sliding Mode Control (SMC),local_small_angle,nominal,10
1.62,-0.9399868510830488,-0.7774688895629479,0.04587609274883331,0.1343747550003491,-0.35660407068462696,0.0,balance,Sliding Mode Control (SMC),local_small_angle,nominal,10
1.6300000000000001,-0.9477753747427046,-0.7802314333484599,0.047236276039141156,0.13771409468708692,-0.3803533885852364,0.0,balance,Sliding Mode Control (SMC),local_small_angle,nominal,10
1.6400000000000001,-0.9555925859252477,-0.7832062756885132,0.04862904354189501,0.14089295655664555,-0.40427464123005663,0.0,balance,Sliding Mode Control (SMC),local_small_angle,nominal,10
1.6500000000000001,-0.9634406131315489,-0.786394524901563,0.05005281275357065,0.14391573209392766,-0.4283769214049613,0.0,balance,Sliding Mode Control (SMC),local_small_angle,nominal,10
1.6600000000000001,-0.9713215965427588,-0.7897974085648538,0.051506042331311175,0.14678626380643342,-0.4526691003939298,0.0,balance,Sliding Mode Control (SMC),local_small_angle,nominal,10
1.6700000000000002,-0.9792376891810141,-0.7934162671565229,0.052987226711646684,0.14950786670308566,-0.4771595060126259,0.0,balance,Sliding Mode Control (SMC),local_small_angle,nominal,10
1.68,-0.9871910579966918,-0.7972525457223004,0.05449489095828275,0.1520833526365325,-0.5018557141290714,0.0,balance,Sliding Mode Control (SMC),local_small_angle,nominal,10
1.69,-0.9951838848662841,-0.8013077843322712,0.056027585860136675,0.15451505602008292,-0.5267644171111066,0.0,balance,Sliding Mode Control (SMC),local_small_angle,nominal,10
1.7,-1.0032183674913224,-0.8055836078333384,0.057583883288550464,0.1568048599551234,-0.5518913432784291,0.0,balance,Sliding Mode Control (SMC),local_small_angle,nominal,10
1.71,-1.011296720192921,-0.8100817152195275,0.05916237181480355,0.15895422217409816,-0.5772412090374068,0.0,balance,Sliding Mode Control (SMC),local_small_angle,nominal,10
1.72,-1.0194211745990795,-0.8148038688130763,0.06076165258440325,0.1609642004629499,-0.6028176907858249,0.0,balance,Sliding Mode Control (SMC),local_small_angle,nominal,10
1.73,-1.0275939802233673,-0.8197518833585579,0.0623803354421697,0.16283547740761745,-0.6286234075113768,0.0,balance,Sliding Mode Control (SMC),local_small_angle,nominal,10
1.74,-1.0358174049343114,-0.8249276150687441,0.06401703530121061,0.16456838443496538,-0.6546599077146062,0.0,balance,Sliding Mode Control (SMC),local_small_angle,nominal,10
1.75,-1.0440937353149755,-0.8303329506164038,0.06567036874901877,0.16616292520594256,-0.6809276561864284,0.0,balance,Sliding Mode Control (SMC),local_small_angle,nominal,10
1.76,-1.052425276912006,-0.835969796034962,0.06733895088481257,0.16761879847966474,-0.7074260174928568,0.0,balance,Sliding Mode Control (SMC),local_small_angle,nominal,10
1.77,-1.0608143543729356,-0.8418400654688099,0.0690213923836338,0.1689354206098719,-0.7341532339330268,0.0,balance,Sliding Mode Control (SMC),local_small_angle,nominal,10
1.78,-1.0692633114698673,-0.8479456696981192,0.07071629678448987,0.17011194786578815,-0.761106396358862,0.0,balance,Sliding Mode Control (SMC),local_small_angle,nominal,10
1.79,-1.0777745110068453,-0.8542885043512592,0.07242225800185809,0.17114729879196092,-0.7882814066646269,0.0,balance,Sliding Mode Control (SMC),local_small_angle,nominal,10
1.8,-1.0863503346073147,-0.8608704377088955,0.07413785806210083,0.17204017683908918,-0.8156729310324238,0.0,balance,Sliding Mode Control (SMC),local_small_angle,nominal,10
1.81,-1.0949931823770653,-0.8676932979966253,0.07586166506873271,0.17278909351212893,-0.8432743432021486,0.0,balance,Sliding Mode Control (SMC),local_small_angle,nominal,10
1.82,-1.1037054724370041,-0.8747588600569357,0.07759223140300886,0.17339239229437856,-0.8710776571547285,0.0,balance,Sliding Mode Control (SMC),local_small_angle,nominal,10
1.83,-1.112489640318973,-0.882068831285993,0.07932809216893677,0.17384827361756552,-0.8990734486812215,0.0,balance,Sliding Mode Control (SMC),local_small_angle,nominal,10
1.84,-1.1213481382166668,-0.8896248367160996,0.08106776389458004,0.1741548211585877,-0.9272507653755007,0.0,balance,Sliding Mode Control (SMC),local_small_angle,nominal,10
1.85,-1.1302834340824919,-0.8974284031205829,0.0828097435043662,0.17431002975352652,-0.9555970246544057,0.0,balance,Sliding Mode Control (SMC),local_small_angle,nominal,10
1.86,-1.139298010559956,-0.9054809420145175,0.08455250758007082,0.17431183522868693,-0.9840978994851266,0.0,balance,Sliding Mode Control (SMC),local_small_angle,nominal,10
1.87,-1.1483943637399032,-0.9137837314222775,0.0862945119311802,0.17415814645622446,-1.0127371916028753,0.0,balance,Sliding Mode Control (SMC),local_small_angle,nominal,10
1.8800000000000001,-1.157575001727614,-0.9223378962818419,0.0880341914984415,0.1738468799477245,-1.0414966921407265,0.0,balance,Sliding Mode Control (SMC),local_small_angle,nominal,10
1.8900000000000001,-1.166842443006488,-0.9311443873565088,0.08976996061755926,0.17337599730193734,-1.070356029782813,0.0,balance,Sliding Mode Control (SMC),local_small_angle,nominal,10
1.9000000000000001,-1.176199214582757,-0.9402039585278571,0.09150021367314398,0.17274354582153295,-1.0992925068043782,0.0,balance,Sliding Mode Control (SMC),local_small_angle,nominal,10
1.9100000000000001,-1.1856478498944383,-0.9495171423501576,0.09322332617613904,0.17194770260675535,-1.1282809236897586,0.0,balance,Sliding Mode Control (SMC),local_small_angle,nominal,10
1.9200000000000002,-1.1951908864666025,-0.9590842237569134,0.09493765630095563,0.17098682241941568,-1.1572933934400353,0.0,balance,Sliding Mode Control (SMC),local_small_angle,nominal,10
1.93,-1.2048308632940017,-0.9689052118258501,0.09664154692135662,0.1698594895866671,-1.1862991472091213,0.0,balance,Sliding Mode Control (SMC),local_small_angle,nominal,10
1.94,-1.2145703179312914,-0.9789798095307056,0.09833332818665053,0.16856457417802576,-1.2152643335569566,0.0,balance,Sliding Mode Control (SMC),local_small_angle,nominal,10
1.95,-1.2244117832705035,-0.9893073814379957,0.10001132068182716,0.16710129263832074,-1.244151814399868,0.0,balance,Sliding Mode Control (SMC),local_small_angle,nominal,10
1.96,-1.234357783985206,-0.9998869193460638,0.10167383921675777,0.1654692729906193,-1.2729209616815949,0.0,balance,Sliding Mode Control (SMC),local_small_angle,nominal,10
1.97,-1.244410832621014,-1.0107170059138848,0.10331919729027339,0.16366862463320797,-1.3015274599036868,0.0,balance,Sliding Mode Control (SMC),local_small_angle,nominal,10
1.98,-1.2545734253128982,-1.0217957763900283,0.10494571227459115,0.1617000126398292,-1.3299231209447662,0.0,balance,Sliding Mode Control (SMC),local_small_angle,nominal,10
1.99,-1.2648480371112374,-1.033120878629715,0.10655171136394426,0.15956473632882537,-1.3580557190698093,0.0,balance,Sliding Mode Control (SMC),local_small_angle,nominal,10
2.0,-1.275237116900903,-1.04468943168181,0.10813553832804201,0.15726481169088302,-1.3858688556804042,0.0,balance,Sliding Mode Control (SMC),local_small_angle,nominal,10
2.01,-1.2857430819010456,-1.0564979833394572,0.1096955611058239,0.154803057053312,-1.4133018651626355,0.0,balance,Sliding Mode Control (SMC),local_small_angle,nominal,10
2.02,-1.296368311737846,-1.0685424671791568,0.11123018026750442,0.1521831811083756,-1.4402897751199735,0.0,balance,Sliding Mode Control (SMC),local_small_angle,nominal,10
2.03,-1.3071151420884928,-1.0808181597641464,0.11273783836272466,0.14940987214223553,-1.4667633362795964,0.0,balance,Sliding Mode Control (SMC),local_small_angle,nominal,10
2.04,-1.3179858579022674,-1.0933196388589097,0.11421703015933149,0.14648888696923373,-1.492649139349174,0.0,balance,Sliding Mode Control (SMC),local_small_angle,nominal,10
2.05,-1.3289826862140277,-1.1060407436913229,0.11566631376050651,0.143427137705211,-1.5178698379670363,0.0,balance,Sliding Mode Control (SMC),local_small_angle,nominal,10
2.0599999999999996,-1.340107788576782,-1.1189745385047933,0.11708432256727574,0.14023277410779886,-1.542344498487111,0.0,balance,Sliding Mode Control (SMC),local_small_angle,nominal,10
2.07,-1.3513632531535507,-1.1321132808602559,0.11846977802854841,0.1369152587791709,-1.565989098481412,0.0,balance,Sliding Mode Control (SMC),local_small_angle,nominal,10
2.0799999999999996,-1.3627510865244243,-1.1454483963704252,0.11982150309156525,0.133485432079927,-1.5887171963049322,0.0,balance,Sliding Mode Control (SMC),local_small_angle,nominal,10
2.09,-1.3742732052826478,-1.1589704617669756,0.12113843623190546,0.12995556315901974,-1.6104407935874168,0.0,balance,Sliding Mode Control (SMC),local_small_angle,nominal,10
2.0999999999999996,-1.3859314275135646,-1.1726691984031026,0.12241964590417753,0.12633938308712173,-1.6310714107965212,0.0,balance,Sliding Mode Control (SMC),local_small_angle,nominal,10
2.11,-1.3977274642721391,-1.1865334784639325,0.12366434521257785,0.12265209571883766,-1.6505213927484652,0.0,balance,Sliding Mode Control (SMC),local_small_angle,nominal,10
2.1199999999999997,-1.409662911198093,-1.2005513462770208,0.12487190655542735,0.11891036163824012,-1.6687054558084289,0.0,balance,Sliding Mode Control (SMC),local_small_angle,nominal,10
2.13,-1.421739240431853,-1.2147100571635736,0.12604187595063854,0.11513225040335619,-1.6855424812532198,0.0,balance,Sliding Mode Control (SMC),local_small_angle,nominal,10
2.1399999999999997,-1.4339577930186882,-1.2289961362246438,0.12717398670144142,0.11133715634406745,-1.7009575496399747,0.0,balance,Sliding Mode Control (SMC),local_small_angle,nominal,10
2.15,-1.4463197720115208,-1.2433954592911416,0.12826817201556073,0.10754567343198695,-1.7148841989546457,0.0,balance,Sliding Mode Control (SMC),local_small_angle,nominal,10
2.1599999999999997,-1.458826236503647,-1.2578933579584028,0.12932457614891923,0.10377942527707523,-1.7272668748637439,0.0,balance,Sliding Mode Control (SMC),local_small_angle,nominal,10
2.17,-1.4714780968394527,-1.272474750154539,0.13034356360974897,0.1000608471555131,-1.7380635248658,0.0,balance,Sliding Mode Control (SMC),local_small_angle,nominal,10
2.1799999999999997,-1.4842761112624474,-1.2871242970416858,0.1313257259340106,0.09641291816778699,-1.7472482700965517,0.0,balance,Sliding Mode Control (SMC),local_small_angle,nominal,10
2.19,-1.4972208842637569,-1.3018265862139826,0.13227188553179348,0.09285884317982397,-1.7548140698572205,0.0,balance,Sliding Mode Control (SMC),local_small_angle,nominal,10
2.1999999999999997,-1.5103128668887746,-1.316566340140887,0.13318309611042256,0.0894216861055103,-1.7607752758019193,0.0,balance,Sliding Mode Control (SMC),local_small_angle,nominal,10
2.21,-1.5235523592432831,-1.3313286476291306,0.13406063920668476,0.08612395830998708,-1.765169956618389,0.0,balance,Sliding Mode Control (SMC),local_small_angle,nominal,10
2.2199999999999998,-1.5369395154115968,-1.3460992147780748,0.13490601641071942,0.0829871683809239,-1.7680618616750043,0.0,balance,Sliding Mode Control (SMC),local_small_angle,nominal,10
2.23,-1.5504743509571894,-1.360864630536184,0.13572093693962906,0.08003134212583392,-1.769541885296126,0.0,balance,Sliding Mode Control (SMC),local_small_angle,nominal,10
2.2399999999999998,-1.5641567531205354,-1.3756126406028089,0.1365073003205146,0.07727452427012262,-1.7697288938013602,0.0,balance,Sliding Mode Control (SMC),local_small_angle,nominal,10
2.25,-1.577986493759961,-1.390332422145894,0.13726717406965339,0.0747322757872848,-1.7687697866564092,0.0,balance,Sliding Mode Control (SMC),local_small_angle,nominal,10
2.26,-1.5919632450005818,-1.4050148507183038,0.1380027664043797,0.07241718290544459,-1.7668386819602029,0.0,balance,Sliding Mode Control (SMC),local_small_angle,nominal,10
2.27,-1.606086597466196,-1.4196527499506844,0.1387163941925551,0.07033839541526474,-1.7641351452086576,0.0,balance,Sliding Mode Control (SMC),local_small_angle,nominal,10
2.28,-1.620356080872639,-1.4342411141672082,0.13941044652509493,0.06850121277898416,-1.7608814180759509,0.0,balance,Sliding Mode Control (SMC),local_small_angle,nominal,10
2.29,-1.6347711866626322,-1.448777294084552,0.1400873444821249,0.06690673656872441,-1.7573186490461365,0.0,balance,Sliding Mode Control (SMC),local_small_angle,nominal,10
2.3,-1.649327076249558,-1.4623980005011095,0.14075804076451037,0.06725974278008076,-1.6670288921801806,0.0,balance,Sliding Mode Control (SMC),local_small_angle,nominal,10
2.31,-1.664012803775257,-1.4747449739215355,0.14144553421884964,0.07026561682928914,-1.540701786705787,0.0,balance,Sliding Mode Control (SMC),local_small_angle,nominal,10
2.32,-1.6788159253194401,-1.4858768076672317,0.14217576923062225,0.0758085673618234,-1.4202239963240206,0.0,balance,Sliding Mode Control (SMC),local_small_angle,nominal,10
2.3299999999999996,-1.693724568178398,-1.495849157588591,0.14297358774107405,0.08378384097809913,-1.3053523298925107,0.0,balance,Sliding Mode Control (SMC),local_small_angle,nominal,10
2.34,-1.708727402285286,-1.5047149005412332,0.14386283673031564,0.09409714817108314,-1.1958559987836992,0.0,balance,Sliding Mode Control (SMC),local_small_angle,nominal,10
2.3499999999999996,-1.7238136131649722,-1.5125242828976055,0.14486647018950283,0.10666413475139673,-1.0915159388187998,0.0,balance,Sliding Mode Control (SMC),local_small_angle,nominal,10
2.36,-1.7389728763284502,-1.5193250600234778,0.1460066460176872,0.12140989492307322,-0.9921241758873265,0.0,balance,Sliding Mode Control (SMC),local_small_angle,nominal,10
2.3699999999999997,-1.754195333020844,-1.5251626275912864,0.14730481824176955,0.13826852241474294,-0.8974832309843528,0.0,balance,Sliding Mode Control (SMC),local_small_angle,nominal,10
2.38,-1.7694715672454568,-1.5300801455473962,0.14878182492320002,0.1571826963024465,-0.8074055606496273,0.0,balance,Sliding Mode Control (SMC),local_small_angle,nominal,10
2.3899999999999997,-1.784792583994248,-1.5341186555000053,0.15045797208250766,0.17810329837450692,-0.721713029033225,0.0,balance,Sliding Mode Control (SMC),local_small_angle,nominal,10
2.4,-1.8001497886225548,-1.5373171922498536,0.1523531139422305,0.20098905908113707,-0.6402364080326031,0.0,balance,Sliding Mode Control (SMC),local_small_angle,nominal,10
2.4099999999999997,-1.815534967312907,-1.5397128901479125,0.15448672976009092,0.2258062292785924,-0.5628149021388609,0.0,balance,Sliding Mode Control (SMC),local_small_angle,nominal,10
2.42,-1.8309402685794636,-1.5413410849332903,0.15687799749708065,0.2525282751177532,-0.489295694791954,0.0,balance,Sliding Mode Control (SMC),local_small_angle,nominal,10
2.4299999999999997,-1.8463581857710092,-1.542235411680966,0.1595458645391945,0.28113559353896855,-0.41953351317247467,0.0,balance,Sliding Mode Control (SMC),local_small_angle,nominal,10
2.44,-1.8617815405366618,-1.542427899472707,0.1625091156666163,0.31161524591836276,-0.3533902084502145,0.0,balance,Sliding Mode Control (SMC),local_small_angle,nominal,10
2.4499999999999997,-1.8772034672245201,-1.541949063395637,0.16578643843989926,0.3439607074656064,-0.29073434856606006,0.0,balance,Sliding Mode Control (SMC),local_small_angle,nominal,10
2.46,-1.892617398189516,-1.5408279944712657,0.1693964861488393,0.3781716299997308,-0.2314408206439591,0.0,balance,Sliding Mode Control (SMC),local_small_angle,nominal,10
2.4699999999999998,-1.9080170499927829,-1.5390924481231796,0.17335793844602687,0.4142536157285589,-0.17539044011385485,0.0,balance,Sliding Mode Control (SMC),local_small_angle,nominal,10
2.48,-1.9233964104809886,-1.5367689318037867,0.177689559763194,0.45221799962964715,-0.1224695635752866,0.0,balance,Sliding Mode Control (SMC),local_small_angle,nominal,10
2.4899999999999998,-1.9387497267403755,-1.533882792419166,0.1824102555842133,0.4920816379774827,-0.07256970234592686,0.0,balance,Sliding Mode Control (SMC),local_small_angle,nominal,10
2.5,-1.9540714939267532,-1.5304583042157829,0.18753912662368233,0.5338667004846406,-0.02558713352078712,0.0,balance,Sliding Mode Control (SMC),local_small_angle,nominal,10
2.51,-1.96935644497948,-1.526518757823074,0.1930955209342291,0.5776004634257028,0.018577494781661485,0.0,balance,Sliding Mode Control (SMC),local_small_angle,nominal,10
2.52,-1.9845995412345743,-1.52208655118097,0.19909908393878695,0.6233151009946415,0.06001956748868409,0.0,balance,Sliding Mode Control (SMC),local_small_angle,nominal,10
2.53,-1.9997959639595788,-1.517183283120448,0.20556980635593503,0.6710474720124919,0.09883091966362301,0.0,balance,Sliding Mode Control (SMC),local_small_angle,nominal,10
2.54,-2.014941106840694,-1.511829850407012,0.21252806995685125,0.7208388989569584,0.13510027054841345,0.0,balance,Sliding Mode Control (SMC),local_small_angle,nominal,10
2.55,-2.030030569460999,-1.5060465491001374,0.2199946910613848,0.7727349361348164,0.16891367872979401,0.0,balance,Sliding Mode Control (SMC),local_small_angle,nominal,10
2.56,-2.045060151817333,-1.499853181124253,0.22799096164821542,0.8267851236688947,0.20035502284967777,0.0,balance,Sliding Mode Control (SMC),local_small_angle,nominal,10
2.57,-2.060025849932558,-1.4932691669864198,0.23653868792007193,0.8830427238332337,0.22950651252781995,0.0,balance,Sliding Mode Control (SMC),local_small_angle,nominal,10
2.5799999999999996,-2.074923852629458,-1.4863136656094609,0.24566022612970917,0.9415644361541585,0.2564492343994953,0.0,balance,Sliding Mode Control (SMC),local_small_angle,nominal,10
2.59,-2.0897505395423317,-1.479005702273229,0.25537851543607903,1.0024100876155402,0.2812637383769836,0.0,balance,Sliding Mode Control (SMC),local_small_angle,nominal,10
2.5999999999999996,-2.104502480452349,-1.4713643056664345,0.26571710752331246,1.06564229428045,0.30403066940245793,0.0,balance,Sliding Mode Control (SMC),local_small_angle,nominal,10
2.61,-2.1191764360427165,-1.4634086550415866,0.2767001926784034,1.1313260906890137,0.3248314500487606,0.0,balance,Sliding Mode Control (SMC),local_small_angle,nominal,10
2.6199999999999997,-2.1337693601794827,-1.455158238429708,0.28835262198769573,1.1995285235372486,0.3437490193149202,0.0,balance,Sliding Mode Control (SMC),local_small_angle,nominal,10
2.63,-2.148278403833069,-1.446633022802129,0.3006999252785141,1.2703182064112122,0.3608686328231254,0.0,balance,Sliding Mode Control (SMC),local_small_angle,nominal,10
2.6399999999999997,-2.1627009207639727,-1.4378536369553807,0.313768324401976,1.3437648327753613,0.3762787293139418,0.0,balance,Sliding Mode Control (SMC),local_small_angle,nominal,10
2.65,-2.177034475103093,-1.428841567732547,0.327584741427843,1.4199386450267844,0.3900718678137185,0.0,balance,Sliding Mode Control (SMC),local_small_angle,nominal,10
2.6599999999999997,-2.1912768509622147,-1.4196193699702155,0.3421768013043205,1.4989098582627953,0.4023457390627492,0.0,balance,Sliding Mode Control (SMC),local_small_angle,nominal,10
2.67,-2.205426064212675,-1.4102108902637056,0.3575728285273496,1.5807480385031882,0.41320425369206504,0.0,balance,Sliding Mode Control (SMC),local_small_angle,nominal,10
2.6799999999999997,-2.2194803765693494,-1.4006415042638771,0.37380183736794326,1.6655214364929203,0.4227587081642987,0.0,balance,Sliding Mode Control (SMC),local_small_angle,nominal,10
2.69,-2.233438312111994,-1.3909383667465576,0.39089351522551885,1.753296279913278,0.4311290275937534,0.0,balance,Sliding Mode Control (SMC),local_small_angle,nominal,10
2.6999999999999997,-2.2472986763656126,-1.3811306731220088,0.40887819871326414,1.844136028867191,0.4384450821789354,0.0,balance,Sliding Mode Control (SMC),local_small_angle,nominal,10
2.71,-2.261060578044922,-1.371249930371115,0.42778684214172324,1.9381006018799352,0.4448480710714122,0.0,balance,Sliding Mode Control (SMC),local_small_angle,nominal,10
2.7199999999999998,-2.2747234535440364,-1.3613302346053109,0.4476509781523066,2.035245582351684,0.45049196403463654,0.0,balance,Sliding Mode Control (SMC),local_small_angle,nominal,10
2.73,-2.2882870942200904,-1.351408551552314,0.4685026703663233,2.1356214183670383,0.4555449872023427,0.0,balance,Sliding Mode Control (SMC),local_small_angle,nominal,10
2.7399999999999998,-2.3017516764777204,-1.3415249952801331,0.49037445805976354,2.239272631927532,0.46019113464173245,0.0,balance,Sliding Mode Control (SMC),local_small_angle,nominal,10
2.75,-2.3151177946091983,-1.3317230994066582,0.513299293050776,2.346237056902864,0.46463168231144003,0.0,balance,Sliding Mode Control (SMC),local_small_angle,nominal,10
2.76,-2.3283864962819854,-1.3220500739300438,0.5373104691954778,2.4565451281240596,0.46908667547002736,0.0,balance,Sliding Mode Control (SMC),local_small_angle,nominal,10
2.77,-2.3415593204912373,-1.312557039694831,0.5624415451263154,2.5702192468441516,0.47379635477813054,0.0,balance,Sliding Mode Control (SMC),local_small_angle,nominal,10
2.78,-2.354638337709505,-1.3032992314287926,0.588726261131105,2.687273249995012,0.4790224804390881,0.0,balance,Sliding Mode Control (SMC),local_small_angle,nominal,10
2.79,-2.3676261918701957,-1.294336159302338,0.6161984513525525,2.807712011951265,0.48504950798197655,0.0,balance,Sliding Mode Control (SMC),local_small_angle,nominal,10
2.8,-2.3805261437166,-1.2857317181372236,0.6448919527765513,2.931531207516146,0.4921855639924697,0.0,balance,Sliding Mode Control (SMC),local_small_angle,nominal,10
2.81,-2.393342114936268,-1.2775542327850518,0.6748405127582036,3.0587172631929773,0.5007631655525184,0.0,balance,Sliding Mode Control (SMC),local_small_angle,nominal,10
2.82,-2.4054094159455635,-1.1362891423838093,0.7071135099196644,3.3950245701120267,15.0,0.0,capture_assist,Sliding Mode Control (SMC),local_small_angle,nominal,10
